,File Name,Upload Date,SHA256 Hash
0,Invoice-DocuSign-Mar03-2023.js,2023-03-08 18:10:33,98d28947a4d320a94a8b30535ad5a84e1d06868386f0676099d0d9c6409eb982
1,Invoice-DocuSign-Mar03-2023.js,2023-03-09 19:53:39,28c2f98b80d6165550fded5f7fc67f2a4589d6ad1c973f3f208c94bd87639ffb
2,Invoice-DocuSign-Mar03-2023.zip,2023-03-08 16:36:52,53988ce2a0032e9aef0def6c33a0d256226140a05c614241aa99202c0b0a5f5e
3,Invoice-DocuSign-Feb27-2023.js,2023-02-27 19:29:26,03c381c9a166c8948c29b08fa6f567c0cf49e9d049d38666fa73386e33c80d66
4,Invoice-Docusign-Feb24.js,2023-02-25 22:02:17,ff5cc0cbbc30626fdc61571a2250ab5cf84bc719985fec628655ca13e2cee3f9
5,Invoice-DocuSign-Feb27-2023.js,2023-02-28 12:49:56,cff4d1e289eb07462b5d3a1635adf9c63a9656b299bd4634fa96b0bbf7eb5f30
6,Invoice-DocuSign-Feb27-2023.zip,2023-02-28 22:28:44,7c9aba49024e2c8739983a8563543bada917819cdba13ccb29cf09eed4e5927b
7,Invoice-DocuSign-Feb27-2023.js,2023-02-27 20:48:09,5e63858e5c89ffbbd84150d02df0e6d995b53707ee98e387fa4b1c9accd63cc4
8,Invoice-DocuSign-Feb27-2023.zip,2023-02-27 19:53:17,1079a0846a7e89fd0375c7b6df8e3a4733faa78fe34d6d2a0a52e58a4f15e28a
9,Invoice-DocuSign-Feb24.js,2023-02-24 15:28:27,b01846820fdb48dd49e2ec74fe0c9f77f0ab853a8e36ab3478679edc92b0a424
10,Invoice-Docusign-Feb24.zip,2023-02-25 19:46:56,c66ef967876cc07b575d5ff65945d4818a8cbae7d1ed4915fa2e2e7d6f5da032
11,Invoice-DocuSign-Feb22-2023-899848.zip,2023-02-22 18:12:46,e45f5ffea2894f12fabd63d32d74a20fe7391cf1668d6d6460e902871bd805af
12,Invoice-DocuSign-Feb22-2023.js,2023-02-22 12:48:32,e1dc53fb7341e8aa1d1e630f7ab133f336387075ced4d538e7029abdfc7d2d4a
13,Invoice-Docusign-Feb20-2023.js,2023-02-20 18:28:01,90bfdaeb4f46c59ef621f5770262367b2ebe4d791a480ab8b129284f63ca8c6e
14,Invoice-DocuSign-Feb08-2023-6062746.html,2023-02-20 17:39:18,a84e037eeb4f3d59a7eb4beac05775d0f88d6b8f8440906da3a0315068859331
15,Invoice-DocuSign-Jan172022-19539.html,2023-02-14 10:54:58,91e7302da9eeafd0a72e4c4a6f8f02dfc5409d6f0582a53c375b25f6df3a541d
16,Invoice-DocuSign-Feb09.js,2023-02-09 17:29:54,605e62b55bea832c10f3540f556b90954579879ead2523baa51ba9723eb352a9
17,Invoice-DocuSign-Feb09-d8ba86.zip,2023-02-09 15:24:19,c0ace65e6b926fd3405b6bed5c6607a631eb94174b350f5f3d903802b7574f25
18,Invoice-DocuSign-Feb08-2023-891880.html,2023-02-09 12:07:33,a9a1c41f48806a4efb159bead4d6354d57bb4a34ca41341d9851e3f676b4a2e3
19,Invoice-DocuSign-Feb08-2023-72216.html,2023-02-08 21:33:11,314bdd70e934ba69185bc6b72e5f926b8394fc0264c1b0d2d785119cab26c1d7
20,Invoice-DocuSign-Feb08-2023-05025.html,2023-02-08 20:20:22,377e826ed382e84ef19ab0195b8fc5972dbfcedfdd9e2048ca4e9e08db170439
21,Invoice-DocuSign-Feb08-2023-729458.html,2023-02-08 12:51:57,5899257a5219534c8f77669584c5c5df607fada7bbba925e3d59dd5ef43f52f2
22,Invoice-DocuSign-Feb08-2023-696863.html,2023-02-08 07:54:28,14fad1db3f91e1fce2bc4590a95217ce028496a6619e45f81b7bd1c936c7170e
23,Invoice-DocuSign-Feb08-2023-91576.html,2023-02-08 07:17:34,7aa51e0d7a81562f5b72b1c66c0f5c83f7b3637d1bd8f146672cd410c5b67b73
24,Invoice-DocuSign-Feb08-2023-54650.html,2023-02-08 02:05:00,3173ae260b856a436c86b24b7241b15850b53d0180fbcb808346f54681d63db4
25,Invoice-DocuSign-Feb08-2023-547887.html,2023-02-08 00:59:51,bf465e0d0f183e66112c4c8667fd5025cc9f3357b2a92c09054360a0b2fa9471
26,Invoice-DocuSign-Feb06-2023-889778.html,2023-02-07 03:25:47,b60b3381e06ec4204bc5e449e73b7d4ad6be48bca73f80b3415885221c9066a9
27,Invoice-DocuSign-Feb06-2023-1906205.html,2023-02-06 19:28:19,27cfa5059066d52d3b6eafec975e69676e0e1c0fd693f7415bb9046b309b1216
28,Invoice-DocuSign-Feb06-2023-891478.html,2023-02-06 17:30:42,abb157a8939b7f109ea195c6b13f8225f90a81db26b01cf4d9a5f33ed6e1ed37
29,Invoice-DocuSign-Feb06-2023-728087.html,2023-02-06 16:12:44,20a4f6feccb663558d83312ade24734875822020e536ba2f27a734f356e569c6
30,Invoice-DocuSign-Feb06-2023-26107.html,2023-02-06 15:14:05,4b55cef597f5832ea3b001d00babb78437c078adfc2e624f3f47db38e4be1f77
31,Invoice-DocuSign-Feb06-2023-642980.html,2023-02-06 15:08:20,d166134d6a7b765bc843866887842c8c6ffccf5f3e35b3e843d29a08de7300e3
32,Invoice-DocuSign-Feb02-2023-972181.html,2023-02-03 00:19:44,484c52096ebbfd3a86da68670f04174b7cd88d3de953a28867d4d2f43eb4e74c
33,Invoice-DocuSign-Feb01-2023-1455719.html,2023-02-01 15:24:45,568908e792459fe54214147660a2721c9233f45fd3b6aa7b65273961447cfc80
34,Invoice-DocuSign-Jan172022-8436925.html,2023-01-24 17:35:36,497ffa1b9c7230aa5a31d9a3d199b4533e4f78cab646d725f6b0e6fe981b8e5a
35,Invoice-DocuSign-Jan-11-2023708487.html,2023-01-23 22:07:32,56000a45df4afa7d4d91d4d41647e15f376323b8d5730dbd4ac9cd81e8f8fb06
36,Invoice-DocuSign-Jan18-649794.html,2023-01-19 16:49:34,e786b3b4dc3401a1e2fe7de80cebdfd8d8d963efca6dcb0373e5f5636055e84d
37,Invoice-DocuSign-Jan18-945060.html,2023-01-19 00:29:28,af2df28b18c6b3901d1bdfb11b1494a24323118efb5d17387644655687afde91
38,Invoice-DocuSign-Jan18-11523.html,2023-01-19 00:28:20,60e89635ddcf8341d3d8db68d54bfb80e8d1b549ea5fc126116cef9a23138a50
39,Invoice-DocuSign-Jan18-4485707.html,2023-01-18 22:02:35,322ae9efa4b4d1ec15a2a54447727058a52c8148199c6e63bb908971dc463141
40,Invoice-DocuSign-Jan18-4636603.html,2023-01-18 21:50:52,ab2a3a1d2c4db07c482ed95fceaf24c5ab5ccd97682c18b726fd2d28b3ee8cbe
41,Invoice-DocuSign-Jan18-66899.html,2023-01-18 20:31:44,b05216124b96b453ddf01362d5a82cc13f25d45d93c74d2e6d6a5a2d9e3c4137
42,Invoice-DocuSign-Jan18-4916894.html,2023-01-18 18:43:26,db37927dfd383f8fa0404b819fe1bbc319bfad787c9be339cf4e4f7337998a3c
43,Invoice-DocuSign-Jan18-79398.html,2023-01-18 17:13:35,29bc0542235a1081d0f85547b06c2f772307a3d67ecbde20c413cb41ca45c5f8
44,Invoice-DocuSign-Jan18-6592232.html,2023-01-18 16:55:45,fae8cf573f81b952e7f7215c3045553f61c57aaed135c6972f8144a0747fe152
45,Invoice-DocuSign-Jan18-3450069.html,2023-01-18 16:45:32,b0a6d03db731d0a1ba91b5c97483495204501e0f65b9ed811d8f443ac47ac801
46,Invoice-DocuSign-Jan18-6126639.html,2023-01-18 16:23:33,4ce36009133026ff2b6d56f50b488d04801092990f6133a5195b8168a654fc29
47,Invoice-DocuSign-Jan18-342713.html,2023-01-18 16:19:40,8cde52ff39ff024213f5344526ebc794ed561f6c147e53d45770f3b5f7211ee8
48,Invoice-DocuSign-Jan-11-202369361.html,2023-01-18 00:12:23,c9ea2ab108d1afbf1bb331d6c4af9cba0ff726c126dea8f9f585609daa234eae
49,Invoice-DocuSign-Jan172022-282530.html,2023-01-17 18:53:12,9afd9addff8d8d666a97e31f61f07b3b10d7c3d27ce2f38111873f796b69c360
50,Invoice-DocuSign-Jan172022-00538.html,2023-01-17 16:58:09,877943996ab4fcc306c8c8ec9a120b28e31812e07869733a495777a6d10101e3
51,Invoice-DocuSign-Jan172022-189430.html,2023-01-17 16:55:26,d5bdbd82f3a82d3424ad8888a551f0f596f25d14376d8d0b248306e256ab5e0d
52,Invoice-DocuSign-Jan172022-7305647.html,2023-01-17 16:16:36,f0fefd6a1c1bfee71740fd84765632cb4cec7751381d485a2995904c62fd56cd
53,Invoice-DocuSign-Jan-11-20239223236.html,2023-01-12 14:08:50,4e3c9940b0e1b63049a8b548f91ba4e2853dc9c58678fbf5b7d0e9a9984e1123
54,Invoice-DocuSign-Jan-11-202316375.html,2023-01-12 16:31:35,df185f3878ae4a19474f066bf425ca583b3fae0189b3ce249cd38df27c69ec21
55,Invoice-DocuSign-Jan-11-2023361903.html,2023-01-12 13:21:31,5dbe090d4dd03cd9a68850c2f5a67ec330f7d764148da93a1b8fdda93db00634
56,Invoice-DocuSign-Jan-11-20237816961.html,2023-01-12 16:15:55,42017ef69be0193becb3f77004951c2c725416b128ccb591994a4cbe17908a34
57,Invoice-DocuSign-Jan-11-2023732369.html,2023-01-12 12:33:55,6f86328add7f79bf9dbad68ce0ea434d17eed4a229a2684b66ea13e6f241e0ff
58,Invoice-DocuSign-Jan-11-202307324.html,2023-01-13 00:33:41,0f31fa3e82d0112251f1324744a8ab99d6893b779d40d9386a27516182deb3d5
59,Invoice-DocuSign-Jan-11-202365575.html,2023-01-12 16:03:45,fd167ab28f76d2d712d19bb0d8bac3bb17d3dc68a2f3125ebf4b523c55a4237c
60,Invoice-DocuSign-Jan-11-20239518050.html,2023-01-12 14:58:02,f0f5d2f77aa1b39bd4fabf313247f3289372c37a25bd36751d7d47d3601b2938
61,Invoice-DocuSign-Jan-11-2023544183.html,2023-01-12 14:42:48,aef9d817b948cd4425e2740925b87a9d687d44162440fce80b1912c311d53780
62,Invoice-DocuSign-Jan-11-202347766.html,2023-01-12 13:58:24,db9e9f516aa772e8ed5111fdc5e481d545656b46c1afd5435444782b267bb564
63,Invoice-DocuSign-Jan-11-202387330.html,2023-01-12 13:38:42,7fae7fcb9ce25826be7e36110340685270143baccf618d8937a778e928154db1
64,Invoice-DocuSign-Jan-11-202382009.html,2023-01-12 07:33:28,c432fe7506f695fa72b05fdb60321c85a10580af8f515de23b33dffbc6ad384d
65,Invoice-DocuSign-Jan-11-20233866229.html,2023-01-12 06:51:55,f5d66b5f681da1d3f0b5e1e8bd195d03d926afb80b824a8017f5fc490679b1d7
66,Invoice-DocuSign-Jan-11-2023768615.html,2023-01-12 00:11:38,6f489cb145432c19c5680380f94ce54fde286dde36df1c75c873d02a1b66ddc4
67,Invoice-DocuSign-Jan-11-202373556.html,2023-01-11 23:45:45,0a8aaa0f20d1a738e7dd6b5a646369bd4251afc040c7cdf6fdef0caa316c7aa0
68,Invoice-DocuSign-Jan-11-202334133.html,2023-01-11 23:28:46,9b70db67e09f59eb2bf98898b66881186953a182ebb4426ea6bf4a05b907d63a
69,Invoice-DocuSign-Jan-11-20235985710.html,2023-01-11 23:21:31,31cb1f7008eacd49a75d5f99e46ee79577faa6293fe0e58f0d93a3f88907650a
70,Invoice-DocuSign-Jan-11-20237207892.html,2023-01-11 23:19:38,d1e47932c523a35a5dc6fdb5b367f2847d0ad1ed521280649feaf18863ebc713
